id,skill_id,user_id,skill_level
1,5,135,Advance
2,38,355,Intermediate
3,31,353,Beginner
4,48,155,Intermediate
5,41,172,Advance
6,36,465,Beginner
7,35,156,Beginner
8,50,319,Intermediate
9,17,203,Advance
10,42,464,Intermediate
11,13,97,Beginner
12,3,327,Intermediate
13,32,377,Beginner
14,25,424,Intermediate
15,4,27,Advance
16,49,39,Intermediate
17,19,510,Intermediate
18,14,423,Intermediate
19,27,204,Advance
20,8,20,Beginner
21,18,81,Beginner
22,43,121,Advance
23,16,110,Advance
24,22,310,Advance
25,9,130,Advance
26,46,283,Beginner
27,40,195,Intermediate
28,1,358,Advance
29,34,154,Beginner
30,11,351,Advance
31,37,366,Beginner
32,29,53,Beginner
33,20,324,Intermediate
34,2,41,Advance
35,25,363,Beginner
36,19,472,Advance
37,45,104,Intermediate
38,41,502,Intermediate
39,24,422,Beginner
40,37,212,Beginner
41,48,369,Intermediate
42,44,105,Beginner
43,14,234,Beginner
44,42,286,Advance
45,46,81,Beginner
46,22,140,Beginner
47,12,66,Advance
48,28,482,Advance
49,7,378,Beginner
50,50,120,Advance
51,39,486,Intermediate
52,3,187,Intermediate
53,43,189,Advance
54,10,102,Beginner
55,35,274,Intermediate
56,15,341,Intermediate
57,6,52,Intermediate
58,38,412,Intermediate
59,17,191,Intermediate
60,4,176,Beginner
61,40,59,Beginner
62,32,172,Intermediate
63,44,278,Beginner
64,41,469,Beginner
65,32,36,Beginner
66,50,158,Advance
67,45,226,Intermediate
68,4,360,Advance
69,25,268,Beginner
70,46,386,Advance
71,34,172,Beginner
72,35,170,Beginner
73,23,230,Beginner
74,39,323,Advance
75,27,47,Beginner
76,15,457,Advance
77,18,395,Beginner
78,29,394,Beginner
79,43,18,Advance
80,3,349,Advance
81,26,174,Beginner
82,33,119,Advance
83,5,472,Beginner
84,14,138,Beginner
85,21,48,Intermediate
86,38,316,Intermediate
87,37,88,Beginner
88,48,380,Beginner
89,10,482,Advance
90,11,430,Advance
91,8,194,Beginner
92,49,362,Advance
93,36,438,Intermediate
94,34,280,Intermediate
95,18,54,Advance
96,46,22,Advance
97,45,308,Advance
98,48,422,Advance
99,39,42,Advance
100,11,360,Advance
101,10,24,Intermediate
102,43,65,Advance
103,1,368,Intermediate
104,25,500,Beginner
105,29,198,Beginner
106,23,400,Intermediate
107,9,259,Advance
108,15,316,Advance
109,40,434,Advance
110,50,350,Beginner
111,22,440,Advance
112,42,18,Advance
113,37,133,Intermediate
114,14,252,Beginner
115,7,125,Advance
116,36,223,Advance
117,30,37,Intermediate
118,8,204,Intermediate
119,21,396,Advance
120,6,35,Beginner
121,26,160,Beginner
122,12,442,Intermediate
123,27,367,Intermediate
124,2,212,Advance
125,28,225,Beginner
126,12,349,Advance
127,32,432,Beginner
128,35,403,Advance
129,20,363,Intermediate
130,15,470,Advance
131,47,418,Advance
132,13,351,Intermediate
133,6,282,Advance
134,23,469,Advance
135,1,495,Beginner
136,36,506,Intermediate
137,45,473,Intermediate
138,44,120,Beginner
139,40,46,Intermediate
140,27,19,Beginner
141,49,202,Beginner
142,9,437,Beginner
143,5,11,Advance
144,11,408,Advance
145,50,461,Intermediate
146,43,354,Beginner
147,24,88,Intermediate
148,17,217,Intermediate
149,46,39,Advance
150,25,212,Beginner
151,31,289,Beginner
152,30,55,Beginner
153,39,101,Advance
154,8,163,Intermediate
155,16,207,Advance
156,37,118,Beginner
157,38,379,Advance
158,13,191,Intermediate
159,29,78,Intermediate
160,45,123,Beginner
161,28,79,Advance
162,48,477,Advance
163,34,121,Beginner
164,14,47,Beginner
165,10,475,Beginner
166,11,58,Advance
167,19,111,Beginner
168,18,506,Intermediate
169,35,153,Intermediate
170,26,496,Beginner
171,23,31,Beginner
172,2,252,Advance
173,40,478,Beginner
174,4,60,Advance
175,33,501,Intermediate
176,47,235,Intermediate
177,1,12,Beginner
178,20,129,Beginner
179,36,321,Intermediate
180,30,226,Beginner
181,24,169,Advance
182,32,133,Intermediate
183,39,390,Advance
184,12,305,Advance
185,41,198,Advance
186,9,238,Intermediate
187,27,378,Beginner
188,2,383,Beginner
189,26,142,Intermediate
190,31,173,Intermediate
191,7,136,Beginner
192,25,165,Beginner
193,46,263,Intermediate
194,9,365,Intermediate
195,24,102,Advance
196,35,186,Advance
197,22,30,Beginner
198,40,343,Advance
199,33,243,Beginner
200,13,151,Beginner
201,50,130,Advance
202,29,113,Advance
203,3,493,Beginner
204,15,122,Intermediate
205,4,96,Beginner
206,16,422,Advance
207,11,271,Intermediate
208,32,98,Advance
209,49,466,Beginner
210,38,427,Advance
211,20,261,Intermediate
212,28,244,Advance
213,42,435,Advance
214,12,508,Advance
215,6,336,Beginner
216,44,475,Beginner
217,19,292,Intermediate
218,28,187,Advance
219,30,504,Advance
220,8,136,Intermediate
221,5,317,Advance
222,34,22,Beginner
223,3,89,Beginner
224,14,355,Intermediate
225,40,419,Intermediate
226,32,474,Beginner
227,48,255,Intermediate
228,21,464,Advance
229,22,62,Beginner
230,19,424,Intermediate
231,33,406,Intermediate
232,11,159,Beginner
233,24,458,Intermediate
234,20,399,Intermediate
235,1,257,Intermediate
236,10,45,Intermediate
237,9,190,Beginner
238,27,269,Intermediate
239,41,393,Advance
240,39,219,Beginner
241,7,80,Intermediate
242,13,61,Intermediate
243,29,320,Intermediate
244,49,150,Advance
245,43,300,Intermediate
246,42,25,Advance
247,38,303,Beginner
248,12,277,Intermediate
249,23,130,Intermediate
250,1,32,Intermediate
251,10,343,Beginner
252,37,422,Beginner
253,9,138,Intermediate
254,7,454,Intermediate
255,43,319,Intermediate
256,42,41,Advance
257,15,208,Intermediate
258,39,492,Intermediate
259,29,290,Intermediate
260,22,53,Advance
261,25,462,Advance
262,36,428,Beginner
263,45,183,Beginner
264,16,323,Intermediate
265,11,384,Advance
266,40,503,Beginner
267,6,317,Beginner
268,46,438,Intermediate
269,3,267,Advance
270,31,391,Beginner
271,49,123,Beginner
272,20,346,Beginner
273,38,406,Advance
274,24,444,Beginner
275,41,170,Beginner
276,28,432,Beginner
277,35,496,Beginner
278,26,224,Intermediate
279,33,50,Advance
280,30,255,Intermediate
281,8,46,Intermediate
282,34,125,Intermediate
283,36,171,Intermediate
284,9,418,Advance
285,37,77,Beginner
286,3,475,Advance
287,22,193,Beginner
288,2,295,Beginner
289,39,320,Beginner
290,13,221,Advance
291,29,349,Intermediate
292,44,35,Beginner
293,10,428,Advance
294,17,145,Intermediate
295,24,161,Advance
296,14,115,Beginner
297,11,483,Beginner
298,18,301,Advance
299,23,426,Advance
300,48,158,Beginner
301,42,498,Beginner
302,31,24,Beginner
303,49,427,Intermediate
304,1,152,Intermediate
305,32,325,Advance
306,33,331,Beginner
307,43,53,Beginner
308,7,31,Advance
309,50,510,Advance
310,15,174,Beginner
311,14,202,Advance
312,21,40,Intermediate
313,5,460,Intermediate
314,6,34,Advance
315,29,203,Advance
316,49,258,Intermediate
317,7,333,Beginner
318,46,25,Beginner
319,45,16,Beginner
320,38,171,Beginner
321,41,234,Beginner
322,2,505,Beginner
323,48,77,Beginner
324,25,76,Advance
325,9,487,Intermediate
326,28,283,Intermediate
327,32,245,Beginner
328,23,250,Advance
329,47,230,Beginner
330,39,260,Beginner
331,20,112,Intermediate
332,24,347,Intermediate
333,4,143,Advance
334,50,279,Advance
335,26,483,Beginner
336,18,254,Intermediate
337,34,51,Advance
338,43,129,Advance
339,19,47,Intermediate
340,30,410,Advance
341,31,214,Beginner
342,37,202,Advance
343,35,498,Beginner
344,1,442,Beginner
345,7,226,Advance
346,39,284,Advance
347,27,15,Beginner
348,31,400,Intermediate
349,2,188,Beginner
350,18,387,Intermediate
351,50,330,Beginner
352,40,403,Intermediate
353,32,100,Advance
354,20,121,Advance
355,36,195,Advance
356,9,470,Beginner
357,12,16,Intermediate
358,3,422,Beginner
359,30,458,Advance
360,14,485,Intermediate
361,23,320,Beginner
362,43,170,Advance
363,16,373,Beginner
364,49,198,Advance
365,8,322,Beginner
366,48,427,Advance
367,15,432,Advance
368,6,455,Intermediate
369,4,346,Advance
370,10,426,Beginner
371,13,462,Advance
372,5,127,Intermediate
373,37,392,Intermediate
374,17,237,Beginner
375,48,408,Beginner
376,22,284,Advance
377,24,310,Advance
378,50,338,Intermediate
379,38,85,Intermediate
380,27,389,Intermediate
381,45,102,Advance
382,40,308,Intermediate
383,4,77,Advance
384,15,449,Intermediate
385,30,174,Advance
386,9,403,Advance
387,42,204,Beginner
388,33,471,Advance
389,8,200,Intermediate
390,32,432,Intermediate
391,36,36,Intermediate
392,35,151,Intermediate
393,7,242,Intermediate
394,25,292,Intermediate
395,23,504,Advance
396,14,190,Advance
397,6,44,Beginner
398,3,298,Intermediate
399,1,503,Beginner
400,18,31,Intermediate
401,13,387,Intermediate
402,16,95,Beginner
403,31,265,Advance
404,37,202,Advance
405,26,133,Intermediate
406,1,88,Advance
407,45,167,Advance
408,28,280,Intermediate
409,47,469,Intermediate
410,23,451,Intermediate
411,6,306,Advance
412,33,64,Intermediate
413,16,186,Intermediate
414,4,26,Advance
415,31,181,Beginner
416,7,465,Advance
417,29,491,Advance
418,5,267,Intermediate
419,24,15,Advance
420,30,313,Beginner
421,34,128,Intermediate
422,42,221,Intermediate
423,40,386,Intermediate
424,44,243,Intermediate
425,38,289,Beginner
426,50,225,Intermediate
427,25,258,Beginner
428,48,296,Beginner
429,3,245,Advance
430,13,310,Advance
431,20,217,Advance
432,8,44,Advance
433,49,46,Beginner
434,41,494,Beginner
435,1,195,Beginner
436,46,175,Beginner
437,32,427,Intermediate
438,28,479,Intermediate
439,2,362,Advance
440,11,435,Advance
441,8,92,Advance
442,39,206,Advance
443,38,96,Intermediate
444,21,270,Beginner
445,16,236,Advance
446,36,173,Beginner
447,43,317,Advance
448,9,45,Beginner
449,19,275,Advance
450,26,198,Beginner
451,24,274,Intermediate
452,44,117,Beginner
453,15,413,Beginner
454,37,505,Advance
455,7,288,Beginner
456,4,181,Beginner
457,13,97,Beginner
458,23,434,Beginner
459,6,404,Beginner
460,14,107,Beginner
461,25,128,Advance
462,48,84,Intermediate
463,40,150,Beginner
464,10,455,Intermediate
465,22,324,Intermediate
466,45,332,Beginner
467,11,454,Intermediate
468,4,151,Advance
469,3,97,Beginner
470,19,23,Advance
471,28,458,Advance
472,16,236,Beginner
473,36,328,Advance
474,39,465,Beginner
475,2,29,Beginner
476,40,394,Beginner
477,31,46,Beginner
478,30,34,Intermediate
479,25,101,Beginner
480,42,357,Intermediate
481,27,18,Advance
482,5,136,Intermediate
483,32,246,Advance
484,22,302,Advance
485,17,243,Advance
486,34,304,Beginner
487,41,86,Intermediate
488,43,170,Advance
489,6,129,Beginner
490,26,317,Intermediate
491,33,211,Beginner
492,20,154,Beginner
493,48,416,Beginner
494,9,319,Beginner
495,10,392,Beginner
496,37,63,Intermediate
497,14,397,Advance
498,38,80,Beginner
499,11,441,Beginner
500,27,83,Advance
501,7,104,Intermediate
502,5,187,Intermediate
503,26,268,Advance
504,35,366,Intermediate
505,6,99,Advance
506,30,232,Beginner
507,20,433,Advance
508,37,75,Intermediate
509,3,470,Advance
510,44,325,Beginner
511,9,395,Advance
512,23,338,Intermediate
513,42,184,Intermediate
514,50,408,Intermediate
515,18,91,Advance
516,28,109,Intermediate
517,46,472,Beginner
518,29,265,Advance
519,31,495,Intermediate
520,49,326,Intermediate
521,48,52,Intermediate
522,45,443,Beginner
523,1,201,Advance
524,22,479,Beginner
525,41,231,Beginner
526,10,157,Beginner
527,36,446,Intermediate
528,30,394,Intermediate
529,3,432,Intermediate
530,13,176,Beginner
531,15,125,Beginner
532,9,327,Intermediate
533,45,389,Advance
534,38,126,Advance
535,50,406,Beginner
536,19,21,Intermediate
537,24,204,Intermediate
538,21,184,Advance
539,36,437,Intermediate
540,43,136,Beginner
541,34,296,Intermediate
542,42,329,Advance
543,46,465,Intermediate
544,35,186,Intermediate
545,26,422,Beginner
546,22,331,Advance
547,1,484,Intermediate
548,49,15,Beginner
549,47,388,Beginner
550,7,361,Intermediate
551,20,480,Intermediate
552,28,77,Beginner
553,5,17,Beginner
554,16,82,Beginner
555,17,61,Intermediate
556,11,95,Intermediate
557,10,135,Advance
558,29,24,Beginner
559,50,312,Beginner
560,44,30,Advance
561,16,188,Intermediate
562,24,444,Beginner
563,45,54,Beginner
564,25,310,Intermediate
565,23,408,Intermediate
566,21,481,Intermediate
567,9,50,Beginner
568,20,493,Intermediate
569,41,142,Beginner
570,28,282,Beginner
571,42,132,Advance
572,12,114,Beginner
573,43,472,Intermediate
574,2,215,Intermediate
575,40,59,Intermediate
576,29,505,Beginner
577,35,348,Advance
578,31,264,Intermediate
579,18,293,Advance
580,10,411,Advance
581,39,209,Intermediate
582,32,74,Intermediate
583,49,177,Intermediate
584,3,217,Intermediate
585,14,452,Intermediate
586,6,83,Intermediate
587,37,501,Intermediate
588,8,170,Beginner
589,48,322,Beginner
590,18,189,Beginner
591,32,308,Beginner
592,50,136,Intermediate
593,14,481,Beginner
594,45,304,Beginner
595,9,180,Intermediate
596,30,78,Intermediate
597,42,194,Intermediate
598,27,235,Advance
599,19,330,Advance
600,21,71,Intermediate
601,1,348,Beginner
602,22,218,Intermediate
603,39,412,Advance
604,3,416,Intermediate
605,7,269,Advance
606,44,501,Beginner
607,16,364,Beginner
608,46,446,Intermediate
609,6,75,Advance
610,31,312,Advance
611,43,138,Intermediate
612,29,407,Advance
613,38,496,Intermediate
614,12,385,Advance
615,4,15,Advance
616,41,323,Advance
617,23,176,Intermediate
618,49,456,Intermediate
619,2,157,Intermediate
620,25,150,Advance
621,8,273,Beginner
622,31,39,Intermediate
623,4,201,Advance
624,44,190,Intermediate
625,40,245,Beginner
626,9,496,Intermediate
627,10,157,Intermediate
628,22,242,Intermediate
629,34,481,Beginner
630,23,387,Advance
631,35,458,Intermediate
632,18,402,Intermediate
633,38,19,Intermediate
634,13,373,Advance
635,19,262,Advance
636,37,289,Intermediate
637,14,371,Intermediate
638,30,176,Advance
639,48,99,Beginner
640,24,124,Beginner
641,46,138,Beginner
642,11,354,Beginner
643,36,246,Intermediate
644,16,408,Intermediate
645,17,119,Intermediate
646,29,163,Beginner
647,28,211,Beginner
648,42,308,Intermediate
649,50,45,Intermediate
650,7,331,Beginner
651,49,318,Beginner
652,38,117,Intermediate
653,3,385,Intermediate
654,16,459,Advance
655,5,400,Advance
656,35,98,Advance
657,6,402,Intermediate
658,10,351,Advance
659,9,111,Advance
660,19,333,Intermediate
661,18,118,Beginner
662,36,501,Advance
663,34,328,Advance
664,33,85,Beginner
665,44,51,Advance
666,25,236,Advance
667,46,369,Intermediate
668,39,185,Beginner
669,31,74,Advance
670,30,393,Intermediate
671,21,66,Intermediate
672,48,438,Intermediate
673,47,120,Advance
674,27,431,Beginner
675,49,100,Advance
676,4,103,Advance
677,29,340,Beginner
678,2,42,Advance
679,28,242,Advance
680,22,76,Beginner
681,8,48,Intermediate
682,41,415,Beginner
683,21,47,Beginner
684,29,359,Advance
685,23,285,Advance
686,9,117,Beginner
687,26,372,Beginner
688,27,108,Advance
689,3,36,Beginner
690,24,305,Beginner
691,47,473,Advance
692,41,226,Intermediate
693,14,345,Beginner
694,36,183,Intermediate
695,10,284,Beginner
696,42,388,Intermediate
697,16,27,Beginner
698,20,424,Intermediate
699,49,380,Intermediate
700,7,181,Advance
701,8,222,Intermediate
702,28,80,Advance
703,4,209,Beginner
704,43,174,Beginner
705,18,31,Intermediate
706,35,336,Intermediate
707,46,67,Advance
708,44,351,Advance
709,33,118,Advance
710,34,240,Beginner
711,32,363,Advance
712,1,368,Advance
713,6,306,Intermediate
714,21,398,Beginner
715,4,497,Beginner
716,45,92,Intermediate
717,27,369,Beginner
718,18,43,Advance
719,43,409,Beginner
720,47,349,Beginner
721,25,328,Intermediate
722,40,491,Intermediate
723,50,256,Beginner
724,42,494,Advance
725,8,457,Beginner
726,7,279,Advance
727,29,414,Beginner
728,44,492,Advance
729,48,402,Advance
730,10,308,Beginner
731,2,319,Advance
732,46,158,Intermediate
733,37,22,Beginner
734,13,309,Advance
735,33,77,Advance
736,5,246,Advance
737,15,84,Advance
738,28,490,Beginner
739,17,307,Intermediate
740,39,321,Intermediate
741,19,132,Advance
742,34,426,Intermediate
743,41,167,Intermediate
744,32,277,Beginner
745,47,388,Advance
746,45,38,Advance
747,8,362,Advance
748,50,382,Beginner
749,17,129,Intermediate
750,7,59,Intermediate
751,36,212,Beginner
752,34,70,Beginner
753,11,263,Advance
754,18,407,Beginner
755,39,147,Advance
756,1,133,Intermediate
757,5,416,Beginner
758,49,236,Advance
759,48,231,Advance
760,31,206,Beginner
761,19,358,Advance
762,22,354,Beginner
763,43,504,Intermediate
764,2,225,Beginner
765,27,370,Advance
766,3,203,Advance
767,10,201,Intermediate
768,26,171,Intermediate
769,21,425,Intermediate
770,35,277,Intermediate
771,20,492,Intermediate
772,24,313,Beginner
773,15,131,Advance
774,44,402,Advance
775,32,459,Intermediate
776,17,85,Advance
777,45,498,Advance
778,30,299,Advance
779,25,378,Intermediate
780,27,150,Intermediate
781,32,265,Intermediate
782,47,55,Intermediate
783,11,177,Beginner
784,16,147,Advance
785,1,63,Beginner
786,29,276,Advance
787,8,308,Intermediate
788,19,292,Advance
789,5,472,Advance
790,50,468,Beginner
791,43,153,Intermediate
792,6,420,Intermediate
793,44,53,Advance
794,49,289,Intermediate
795,2,507,Intermediate
796,12,134,Beginner
797,36,259,Intermediate
798,31,204,Advance
799,18,42,Intermediate
800,28,253,Beginner
801,9,414,Advance
802,20,119,Intermediate
803,48,296,Intermediate
804,24,487,Beginner
805,35,413,Advance
806,46,16,Beginner
807,7,194,Beginner
808,49,324,Beginner
809,19,288,Intermediate
810,44,63,Advance
811,40,318,Intermediate
812,34,36,Advance
813,9,113,Advance
814,37,172,Advance
815,10,426,Advance
816,17,331,Beginner
817,36,154,Beginner
818,24,74,Intermediate
819,41,140,Advance
820,6,83,Beginner
821,22,91,Advance
822,2,377,Beginner
823,1,262,Beginner
824,23,252,Beginner
825,48,474,Beginner
826,43,94,Advance
827,3,135,Advance
828,46,314,Beginner
829,14,363,Beginner
830,38,503,Advance
831,12,469,Advance
832,31,479,Advance
833,32,388,Advance
834,39,220,Beginner
835,18,259,Intermediate
836,50,355,Intermediate
837,28,460,Intermediate
838,30,248,Advance
839,33,268,Advance
840,28,420,Intermediate
841,50,474,Intermediate
842,37,72,Intermediate
843,42,128,Intermediate
844,22,57,Beginner
845,25,442,Intermediate
846,48,280,Advance
847,6,430,Advance
848,38,319,Advance
849,40,326,Advance
850,23,380,Intermediate
851,9,23,Advance
852,13,205,Beginner
853,44,429,Beginner
854,46,230,Advance
855,14,107,Intermediate
856,10,209,Advance
857,21,339,Advance
858,18,215,Intermediate
859,24,20,Advance
860,27,164,Advance
861,5,141,Intermediate
862,16,71,Advance
863,8,12,Advance
864,43,165,Intermediate
865,36,80,Beginner
866,34,235,Beginner
867,49,47,Intermediate
868,31,368,Beginner
869,24,22,Beginner
870,21,194,Intermediate
871,49,315,Intermediate
872,4,108,Advance
873,36,113,Intermediate
874,33,388,Advance
875,1,355,Beginner
876,23,260,Beginner
877,27,401,Advance
878,30,229,Intermediate
879,46,323,Intermediate
880,9,432,Beginner
881,2,316,Beginner
882,32,461,Beginner
883,29,225,Intermediate
884,22,80,Advance
885,12,339,Beginner
886,20,222,Beginner
887,31,11,Advance
888,16,279,Advance
889,17,105,Advance
890,45,26,Advance
891,14,304,Advance
892,43,345,Intermediate
893,10,226,Intermediate
894,8,451,Intermediate
895,34,60,Intermediate
896,5,324,Beginner
897,15,299,Intermediate
898,11,66,Beginner
899,6,290,Advance
900,3,105,Advance
901,44,505,Beginner
902,17,418,Advance
903,30,484,Intermediate
904,36,411,Advance
905,45,234,Advance
906,18,496,Intermediate
907,39,252,Advance
908,25,171,Beginner
909,48,189,Beginner
910,26,248,Intermediate
911,37,73,Beginner
912,5,493,Intermediate
913,50,330,Advance
914,24,137,Advance
915,1,371,Beginner
916,22,50,Advance
917,2,49,Intermediate
918,10,374,Beginner
919,6,24,Advance
920,32,375,Advance
921,13,324,Advance
922,8,159,Beginner
923,15,469,Intermediate
924,28,465,Intermediate
925,34,254,Beginner
926,35,402,Intermediate
927,33,472,Advance
928,43,458,Advance
929,29,328,Advance
930,47,311,Beginner
931,16,508,Intermediate
932,25,49,Beginner
933,9,432,Intermediate
934,15,365,Advance
935,26,338,Intermediate
936,18,362,Advance
937,38,457,Beginner
938,28,93,Beginner
939,45,108,Intermediate
940,43,387,Intermediate
941,3,139,Intermediate
942,39,428,Intermediate
943,41,492,Beginner
944,27,18,Advance
945,34,188,Beginner
946,12,288,Beginner
947,40,274,Intermediate
948,1,360,Intermediate
949,13,101,Advance
950,14,113,Beginner
951,4,44,Advance
952,22,286,Intermediate
953,17,167,Advance
954,44,168,Beginner
955,7,298,Advance
956,42,429,Beginner
957,10,271,Advance
958,30,277,Advance
959,11,401,Beginner
960,49,164,Advance
961,19,510,Advance
962,28,507,Intermediate
963,41,369,Intermediate
964,10,24,Advance
965,38,214,Advance
966,16,318,Advance
967,40,355,Intermediate
968,42,151,Beginner
969,27,225,Beginner
970,34,121,Advance
971,24,406,Advance
972,35,506,Intermediate
973,4,439,Beginner
974,5,76,Advance
975,3,323,Beginner
976,29,207,Beginner
977,45,128,Advance
978,20,360,Advance
979,39,202,Beginner
980,25,203,Intermediate
981,49,392,Advance
982,17,329,Beginner
983,21,291,Beginner
984,8,86,Intermediate
985,18,180,Intermediate
986,46,236,Advance
987,33,73,Advance
988,36,68,Intermediate
989,43,105,Beginner
990,26,165,Intermediate
991,23,377,Beginner
992,37,245,Beginner
993,50,389,Intermediate
994,9,57,Beginner
995,15,299,Intermediate
996,11,416,Intermediate
997,22,160,Advance
998,48,371,Advance
999,6,464,Beginner
1000,19,41,Intermediate
1001,4,12,Advanced
1002,6,14,Beginner
